Funds,Plan_Type,Category,Launch,1 Wk Ret (%),1 Wk Rank,1 Mth Ret (%),1 Mth Rank,3 Mth Ret (%),3 Mth Rank,6 Mth Ret (%),6 Mth Rank,1 Yr Ret (%),1 Yr Rank,3 Yr Ret (%),3 Yr Rank,5 Yr Ret (%),5 Yr Rank,10 Yr Ret (%),10 Yr Rank,15 Yr Ret (%),15 Yr Rank,20 Yr Ret (%),20 Yr Rank,3 Yr SIP Ret (%),3 Yr SIP Rank,5 Yr SIP Ret (%),5 Yr SIP Rank,10 Yr SIP Ret (%),10 Yr SIP Rank,15 Yr SIP Ret (%),15 Yr SIP Rank,20 Yr SIP Ret (%),20 Yr SIP Rank,2015,2016,2017,2018,2019,2020,2021,2022,2023,2024,Equity Fund Style,Market Cap,Turnover,Bond Fund Style,Avg. Credit Quality,Avg. Maturity (Yrs),Yield to Maturity (%),Net Assets (Cr),Fund Risk Grade,Fund Return Grade,Riskometer,Standard Deviation,Sharpe Ratio,Sortino Ratio,Beta,Alpha,Information Ratio,R-Squared,Latest NAV,Previous NAV,52-Week High NAV,52-Week Low NAV,Minimum Investment,Expense Ratio (%),Exit Load (Period),Fund Manager (Tenure)
Aditya Birla Sun Life Global Emerging Opportunities Fund - Direct Plan,Direct,EQ-INTL,2013-01-01,1.96,--,-2.43,--,1.84,--,8.54,--,10.31,--,14.09,--,10.7,--,11.07,--,--,--,--,--,15.03,52/59,11.55,26/32,11.58,15/27,--,--,--,--,-20.47,26.6,5.87,-10.22,21.93,25.46,25.36,-15.88,15.59,19.66,Blend,"26,845",--,Low,D,--,--,263,--,--,Very High,12.87,0.77,1.16,--,--,--,--,29.142,28.85,30.334,22.874,100,0.61,0.25 (28),Dhaval Joshi (3)
Aditya Birla Sun Life Global Emerging Opportunities Fund - Regular Plan,Regular,EQ-INTL,2008-09-17,1.95,--,-2.47,--,1.7,--,8.25,--,9.72,--,13.49,--,10.13,--,10.65,--,4.91,--,--,--,14.39,58/65,10.97,28/34,11.07,15/29,8.11,10/14,--,--,-20.67,26.47,5.93,-10.42,21.37,24.87,24.73,-16.28,15.01,18.98,Blend,"26,845",--,Low,D,--,--,263,--,--,Very High,12.87,0.73,1.1,--,--,--,--,27.788,27.509,28.937,21.885,100,1.16,0.25 (28),Dhaval Joshi (3)
Aditya Birla Sun Life Global Excellence Equity FoF - Direct Plan,Direct,EQ-INTL,2013-01-01,2.87,--,0.56,--,6.21,--,16.04,--,16.78,--,21.79,--,14.62,--,8.36,--,--,--,--,--,20.51,39/59,16.91,10/32,11.59,14/27,--,--,--,--,3.1,-0.91,0.29,1.48,20.11,-7.14,31.32,-18.33,30.82,19.86,--,--,10.85,--,--,--,--,237,--,--,Very High,12.45,1.28,1.65,--,--,--,--,39.782,39.363,40.18,29.797,100,0.68,0.25 (28),Dhaval Joshi (3)
Aditya Birla Sun Life Global Excellence Equity FoF - Regular Plan,Regular,EQ-INTL,2007-12-31,2.86,--,0.51,--,6.05,--,15.7,--,16.09,--,21.06,--,13.98,--,7.82,--,9.24,--,--,--,19.79,45/65,16.24,11/34,11.03,16/29,9.28,7/14,--,--,2.67,-1.34,-0.14,1.06,19.57,-7.57,30.73,-18.81,30.07,19.11,--,--,10.85,--,--,--,--,237,--,--,Very High,12.44,1.23,1.59,--,--,--,--,37.323,36.93,37.714,28.058,100,1.28,0.25 (28),Dhaval Joshi (3)
Aditya Birla Sun Life International Equity Fund - Direct Plan,Direct,EQ-INTL,2013-01-01,4.91,2/58,-0.2,28/58,5.25,39/58,16.38,42/58,30.77,22/58,16.02,42/57,12.3,15/30,11.33,12/25,--,--,--,--,21.78,37/59,15.71,14/32,13.55,11/27,--,--,--,--,0.49,-1.59,14.03,4.61,25.26,14.19,14.47,-1.36,9.37,7.99,Growth,"10,20,822",125,--,--,--,--,274,--,--,Very High,12.29,0.91,1.56,--,--,--,--,49.622,49.483,49.791,35.692,"1,000",2.08,1.00 (30),Dhaval Joshi (3)
Aditya Birla Sun Life International Equity Fund - Regular Plan,Regular,EQ-INTL,2007-10-31,4.9,4/64,-0.24,30/64,5.12,43/64,16.12,47/64,30.17,25/64,15.33,47/63,11.53,16/32,10.66,13/27,11.32,1/12,--,--,21.16,40/65,15.04,15/34,12.85,12/29,11.45,4/14,--,--,-0.02,-2.06,13.47,4.11,24.72,13.24,13.52,-2.14,8.58,7.38,Growth,"10,20,822",125,--,--,--,--,274,--,--,Very High,12.29,0.86,1.48,--,--,--,--,45.953,45.825,46.127,33.149,"1,000",2.55,1.00 (30),Dhaval Joshi (3)
Aditya Birla Sun Life US Equity Passive FoF - Direct Plan,Direct,EQ-INTL,2021-11-01,2.64,34/58,-0.75,38/58,9.75,13/58,23.78,23/58,29.01,24/58,32.54,12/57,--,--,--,--,--,--,--,--,31.68,13/59,--,--,--,--,--,--,--,--,--,--,--,--,--,--,--,-26.49,55.55,29.34,--,--,--,--,--,--,--,464,--,--,Very High,16.69,1.49,2.35,--,--,--,--,18.545,18.557,18.928,12.142,100,0.26,--,Dhaval Joshi (3)
Aditya Birla Sun Life US Equity Passive FoF - Regular Plan,Regular,EQ-INTL,2021-11-01,2.64,37/64,-0.78,41/64,9.65,15/64,23.58,25/64,28.57,28/64,32.08,14/63,--,--,--,--,--,--,--,--,31.21,15/65,--,--,--,--,--,--,--,--,--,--,--,--,--,--,--,-26.86,55.08,28.86,--,--,--,--,--,--,--,464,--,--,Very High,16.7,1.47,2.31,--,--,--,--,18.255,18.268,18.637,11.978,100,0.62,--,Dhaval Joshi (3)
Axis Global Equity Alpha FoF - Direct Plan,Direct,EQ-INTL,2020-09-24,3.21,25/58,2.05,13/58,5.97,37/58,18.57,39/58,24.72,33/58,22.04,28/57,16.49,7/30,--,--,--,--,--,--,24.27,27/59,18.93,7/32,--,--,--,--,--,--,--,--,--,--,--,--,23.85,-7.56,21.26,21.57,--,--,--,--,--,--,--,"1,245",--,--,Very High,11.46,1.4,2.15,--,--,--,--,22.844,22.6,22.879,16.201,100,0.9,1.00 (365),Krishnaa Narayan (1.7)
Axis Global Equity Alpha FoF - Regular Plan,Regular,EQ-INTL,2020-09-24,3.2,29/64,1.98,14/64,5.78,40/64,18.12,44/64,23.8,38/64,21.01,31/63,15.34,9/32,--,--,--,--,--,--,23.32,32/65,17.92,9/34,--,--,--,--,--,--,--,--,--,--,--,--,22.3,-8.64,19.95,20.76,--,--,--,--,--,--,--,"1,245",--,--,Very High,11.46,1.33,2.03,--,--,--,--,21.683,21.452,21.728,15.45,100,1.63,1.00 (365),Krishnaa Narayan (1.7)
Axis Global Innovation FoF - Direct Plan,Direct,EQ-INTL,2021-05-28,2.67,32/58,-1.02,40/58,4.96,41/58,18.61,38/58,21.13,41/58,22.64,25/57,--,--,--,--,--,--,--,--,23.2,31/59,--,--,--,--,--,--,--,--,--,--,--,--,--,--,--,-20.2,29.71,23.85,--,--,--,--,--,--,--,642,--,--,Very High,14.61,1.28,1.89,--,--,--,--,16.51,16.27,17.17,11.41,100,0.88,1.00 (365),Krishnaa Narayan (1.7)
Axis Global Innovation FoF - Regular Plan,Regular,EQ-INTL,2021-05-28,2.6,40/64,-1.07,44/64,4.79,45/64,18.14,43/64,20.21,46/64,21.49,29/63,--,--,--,--,--,--,--,--,22.15,37/65,--,--,--,--,--,--,--,--,--,--,--,--,--,--,--,-21.12,28.3,22.77,--,--,--,--,--,--,--,642,--,--,Very High,14.57,1.22,1.79,--,--,--,--,15.76,15.53,16.4,10.95,100,1.62,1.00 (365),Krishnaa Narayan (1.7)
Axis Greater China Equity FoF - Direct Plan,Direct,EQ-INTL,2021-02-10,0.58,52/58,-3,54/58,7.05,31/58,28.64,9/58,38.29,10/58,15.36,45/57,--,--,--,--,--,--,--,--,21.79,36/59,--,--,--,--,--,--,--,--,--,--,--,--,--,--,--,-13.25,-7.64,11.86,--,--,--,--,--,--,--,"1,501",--,--,Very High,24.1,0.71,1.57,--,--,--,--,10.33,10.34,10.89,6.83,100,0.55,1.00 (365),Krishnaa Narayan (1.7)
Axis Greater China Equity FoF - Regular Plan,Regular,EQ-INTL,2021-02-10,0.51,59/64,-3.16,59/64,6.75,34/64,27.94,11/64,36.87,14/64,14.22,51/63,--,--,--,--,--,--,--,--,20.62,43/65,--,--,--,--,--,--,--,--,--,--,--,--,--,--,--,-14.35,-8.52,10.75,--,--,--,--,--,--,--,"1,501",--,--,Very High,24.09,0.67,1.4,--,--,--,--,9.8,9.82,10.35,6.52,100,1.57,1.00 (365),Krishnaa Narayan (1.7)
Axis US Specific Equity Passive FoF - Direct Plan,Direct,EQ-INTL,2022-11-01,2.63,36/58,-0.63,36/58,9.44,16/58,23.52,25/58,28.29,27/58,31.98,13/57,--,--,--,--,--,--,--,--,31.25,14/59,--,--,--,--,--,--,--,--,--,--,--,--,--,--,--,--,54.22,29.18,--,--,--,--,--,--,--,196,--,--,Very High,--,--,--,--,--,--,--,23.95,23.982,24.48,15.807,100,0.29,1.00 (7),Krishnaa Narayan (1.7)
Axis US Specific Equity Passive FoF - Regular Plan,Regular,EQ-INTL,2022-11-01,2.62,39/64,-0.66,36/64,9.34,18/64,23.3,26/64,27.86,31/64,31.48,15/63,--,--,--,--,--,--,--,--,30.78,17/65,--,--,--,--,--,--,--,--,--,--,--,--,--,--,--,--,53.55,28.72,--,--,--,--,--,--,--,196,--,--,Very High,--,--,--,--,--,--,--,23.67,23.702,24.2,15.656,100,0.63,1.00 (7),Krishnaa Narayan (1.7)
Bandhan US specific Equity Active FoF - Direct Plan,Direct,EQ-INTL,2021-08-20,2.15,41/58,-0.81,39/58,6.62,35/58,21.99,30/58,20.67,42/58,28.04,15/57,--,--,--,--,--,--,--,--,28.76,16/59,--,--,--,--,--,--,--,--,--,--,--,--,--,--,--,-17.44,35.74,35.82,--,--,--,--,--,--,--,376,--,--,Very High,15.77,1.39,2.08,--,--,--,--,18.999,18.674,19.745,13.146,"1,000",0.65,1.00 (365),"Harshal Joshi (4.3), Ritika Behera (2.1), Gaurav Satra (1.5)"
Bandhan US specific Equity Active FoF - Regular Plan,Regular,EQ-INTL,2021-08-20,2.12,45/64,-0.9,42/64,6.36,38/64,21.38,33/64,19.56,48/64,26.78,19/63,--,--,--,--,--,--,--,--,27.49,20/65,--,--,--,--,--,--,--,--,--,--,--,--,--,--,--,-18.42,34.39,34.41,--,--,--,--,--,--,--,376,--,--,Very High,15.75,1.32,1.98,--,--,--,--,18.17,17.86,18.897,12.651,"1,000",1.61,1.00 (365),"Harshal Joshi (4.3), Ritika Behera (2.1), Gaurav Satra (1.5)"
Baroda BNP Paribas Aqua FoF - Direct Plan,Direct,EQ-INTL,2021-05-07,5.27,1/58,-1.72,48/58,0.54,55/58,7.95,56/58,12.41,51/58,12.72,47/57,--,--,--,--,--,--,--,--,13.26,54/59,--,--,--,--,--,--,--,--,--,--,--,--,--,--,--,-13.2,22.03,2.26,--,--,39,--,--,--,--,30,--,--,Very High,15.31,0.62,1.17,--,--,--,--,14.587,14.544,14.842,11.501,"5,000",0.54,1.00 (365),Swapna Shelar (1.1)
Baroda BNP Paribas Aqua FoF - Regular Plan,Regular,EQ-INTL,2021-05-07,5.25,3/64,-1.8,53/64,0.28,60/64,7.39,63/64,11.26,57/64,11.56,53/63,--,--,--,--,--,--,--,--,12.1,60/65,--,--,--,--,--,--,--,--,--,--,--,--,--,--,--,-14.13,20.75,1.23,--,--,39,--,--,--,--,30,--,--,Very High,15.3,0.55,1.04,--,--,--,--,13.893,13.852,14.148,11.027,"5,000",1.58,1.00 (365),Swapna Shelar (1.1)
DSP Global Clean Energy Overseas Equity Omni FoF - Direct Plan,Direct,EQ-INTL,2013-01-03,1.35,45/58,-1.04,41/58,8.5,22/58,28.46,10/58,29.46,23/58,11.42,50/57,11.5,18/30,7.08,24/25,--,--,--,--,17.91,46/59,12.99,24/32,9.71,23/27,--,--,--,--,-20.64,22.8,-1.68,-11.02,18.81,0.49,30.25,-8.07,13.56,-6.21,--,--,2,--,--,--,--,109,--,--,Very High,18.7,0.58,0.99,--,--,--,--,24.107,23.878,24.588,15.079,100,1.74,--,Kaivalya Nadkarni (0.6)
DSP Global Clean Energy Overseas Equity Omni FoF - Regular Plan,Regular,EQ-INTL,2009-08-14,1.34,49/64,-1.09,45/64,8.33,25/64,28.07,10/64,28.69,26/64,10.76,57/63,10.83,19/32,6.58,25/27,5.21,11/12,--,--,17.25,52/65,12.35,25/34,9.14,22/29,6.59,13/14,--,--,-20.87,22.53,-1.87,-11.26,18.23,0.03,29.45,-8.65,12.88,-6.77,--,--,2,--,--,--,--,109,--,--,Very High,18.69,0.54,0.94,--,--,--,--,22.845,22.629,23.313,14.345,100,2.35,--,Kaivalya Nadkarni (0.6)
DSP Global Innovation Overseas Equity Omni FoF - Direct Plan,Direct,EQ-INTL,2022-02-14,2.91,29/58,-1.17,43/58,7.35,29/58,22.37,29/58,26.9,31/58,30.08,14/57,--,--,--,--,--,--,--,--,28.71,17/59,--,--,--,--,--,--,--,--,--,--,--,--,--,--,--,--,52.17,21.69,--,--,--,--,--,--,--,"1,215",--,--,Very High,16.89,1.49,2.62,--,--,--,--,18.952,18.742,19.647,12.896,100,1.15,--,Kaivalya Nadkarni (0.6)
DSP Global Innovation Overseas Equity Omni FoF - Regular Plan,Regular,EQ-INTL,2022-02-14,2.9,33/64,-1.25,48/64,7.11,33/64,21.82,32/64,25.78,37/64,28.91,17/63,--,--,--,--,--,--,--,--,27.57,19/65,--,--,--,--,--,--,--,--,--,--,--,--,--,--,--,--,50.8,20.61,--,--,--,--,--,--,--,"1,215",--,--,Very High,16.87,1.43,2.53,--,--,--,--,18.311,18.108,18.995,12.53,100,2.04,--,Kaivalya Nadkarni (0.6)
DSP US Specific Equity Omni FoF - Direct Plan,Direct,EQ-INTL,2013-01-03,3.54,17/58,3.64,6/58,11.13,11/58,30.53,7/58,33.8,17/58,23.01,23/57,18.06,4/30,16.42,3/25,--,--,--,--,27.37,21/59,20.95,4/32,18.54,2/27,--,--,--,--,3.13,10.58,16.37,-0.34,28.33,23.36,25.3,-5.1,23.06,18.59,--,--,--,--,--,--,--,"1,091",--,--,Very High,14.67,1.13,1.67,--,--,--,--,82.111,80.757,82.428,52.063,100,1.46,--,Kaivalya Nadkarni (0.6)
DSP US Specific Equity Omni FoF - Regular Plan,Regular,EQ-INTL,2012-08-03,3.52,19/64,3.56,5/64,10.88,11/64,29.96,7/64,32.67,20/64,21.98,25/63,17.05,5/32,15.52,4/27,--,--,--,--,26.33,25/65,19.97,5/34,17.61,3/29,--,--,--,--,2.53,9.81,15.5,-1.06,27.47,22.55,24.23,-5.94,22.03,17.59,--,--,--,--,--,--,--,"1,091",--,--,Very High,14.66,1.08,1.59,--,--,--,--,74.67,73.44,74.983,47.602,100,2.34,--,Kaivalya Nadkarni (0.6)
DSP World Gold Mining Overseas Equity Omni FoF - Direct Plan,Direct,EQ-INTL,2013-01-02,3.93,8/58,12.47,1/58,34.04,1/58,63.81,1/58,127.59,1/58,46.24,2/57,22.11,1/30,19.91,1/25,--,--,--,--,66.9,1/59,39.86,1/32,22.65,1/27,--,--,--,--,-18.11,53.51,-3.56,-10.17,35.85,32.06,-8.37,-7.01,7.63,16.57,--,--,22,Medium,AA,--,--,"1,498",--,--,Very High,30.35,1.24,2.34,--,--,--,--,51.259,49.609,51.638,21.15,100,1.64,--,Kaivalya Nadkarni (0.6)
DSP World Gold Mining Overseas Equity Omni FoF - Regular Plan,Regular,EQ-INTL,2007-09-14,3.92,10/64,12.4,1/64,33.8,1/64,63.22,1/64,126.05,1/64,45.29,3/63,21.31,1/32,19.22,2/27,6.44,8/12,--,--,65.89,1/65,39.07,1/34,21.99,2/29,14.68,1/14,--,--,-18.46,52.69,-4,-10.6,35.1,31.41,-8.99,-7.65,6.97,15.8,--,--,22,Medium,AA,--,--,"1,498",--,--,Very High,30.33,1.22,2.3,--,--,--,--,47.817,46.279,48.211,19.852,100,2.34,--,Kaivalya Nadkarni (0.6)
DSP World Mining Overseas Equity Omni FoF - Direct Plan,Direct,EQ-INTL,2013-01-03,3.56,15/58,10.4,2/58,24.23,2/58,46.52,3/58,48.7,5/58,15.81,43/57,17.53,5/30,18.49,2/25,--,--,--,--,27.63,19/59,18.81,8/32,17.56,3/27,--,--,--,--,-35.62,50.56,21.76,-8.85,22.23,35.48,18.82,12.95,0.66,-7.4,--,--,2,--,--,--,--,169,--,--,Very High,22.76,0.59,1.08,--,--,--,--,26.166,25.873,26.166,15.144,100,1.64,--,Kaivalya Nadkarni (0.6)
DSP World Mining Overseas Equity Omni FoF - Regular Plan,Regular,EQ-INTL,2009-12-29,3.55,16/64,10.34,2/64,24.01,2/64,46.04,3/64,47.75,5/64,15.05,49/63,16.75,6/32,17.76,3/27,5.05,12/12,--,--,26.87,22/65,18.09,8/34,16.84,4/29,11.48,2/14,--,--,-35.99,49.65,21.1,-9.4,21.52,34.89,18.03,12.16,0.01,-8.01,--,--,2,--,--,--,--,169,--,--,Very High,22.74,0.56,1.02,--,--,--,--,24.258,23.986,24.258,14.098,100,2.32,--,Kaivalya Nadkarni (0.6)
Edelweiss ASEAN Equity Off-shore Fund - Direct Plan,Direct,EQ-INTL,2013-01-01,0.49,54/58,0.34,25/58,1.38,53/58,7.88,57/58,13.72,49/58,10.74,54/57,8.42,22/30,8.79,20/25,--,--,--,--,14,53/59,10.63,30/32,8.64,24/27,--,--,--,--,-10.3,11.1,23.24,-1.19,12.71,3.03,7.13,5.55,-0.71,15.25,--,--,--,--,--,--,--,131,--,--,Very High,11.92,0.54,1,--,--,--,--,35.362,35.529,35.839,27.209,100,0.75,1.00 (90),"Bharat Lahoti (4.2), Bhavesh Jain (6.2)"
Edelweiss ASEAN Equity Off-shore Fund - Regular Plan,Regular,EQ-INTL,2011-07-01,0.48,60/64,0.28,27/64,1.2,58/64,7.49,62/64,12.9,56/64,9.95,60/63,7.64,23/32,7.88,21/27,--,--,--,--,13.21,59/65,9.87,31/34,7.85,26/29,--,--,--,--,-11.1,9.62,21.87,-2.08,11.93,2.34,6.34,4.78,-1.41,14.44,--,--,--,--,--,--,--,131,--,--,Very High,11.91,0.48,0.89,--,--,--,--,31.597,31.747,32.056,24.423,100,1.47,1.00 (90),"Bhavesh Jain (6.2), Bharat Lahoti (4.2)"
Edelweiss Emerging Markets Opportunities Equity Offshore Fund - Direct Plan,Direct,EQ-INTL,2014-07-07,0.54,53/58,-0.29,30/58,13.57,8/58,27.22,13/58,38.83,9/58,17.38,39/57,5.34,27/30,9.58,17/25,--,--,--,--,23.33,30/59,13.18,23/32,9.99,22/27,--,--,--,--,-13.88,10.19,30.43,-6.46,26.14,22.84,-5,-16.1,6.4,6.82,--,--,--,--,--,--,--,164,--,--,Very High,15.08,0.97,1.85,--,--,--,--,22.439,22.401,22.921,15.122,100,0.57,1.00 (90),"Bharat Lahoti (4.2), Bhavesh Jain (6.2)"
Edelweiss Emerging Markets Opportunities Equity Offshore Fund - Regular Plan,Regular,EQ-INTL,2014-07-07,0.52,58/64,-0.36,32/64,13.32,8/64,26.66,15/64,37.64,11/64,16.36,45/63,4.4,29/32,8.73,18/27,--,--,--,--,22.31,36/65,12.28,26/34,9.08,24/29,--,--,--,--,-14.32,9.8,30,-7.23,24.96,21.67,-5.9,-16.83,5.47,5.89,--,--,--,--,--,--,--,164,--,--,Very High,15.07,0.92,1.74,--,--,--,--,20.588,20.554,21.038,13.951,100,1.44,1.00 (90),"Bharat Lahoti (4.2), Bhavesh Jain (6.2)"
Edelweiss Europe Dynamic Equity Offshore Fund - Direct Plan,Direct,EQ-INTL,2014-02-07,2.49,38/58,2.18,12/58,6.01,36/58,11.43,50/58,42.93,6/58,22.39,26/57,16.48,8/30,10.76,14/25,--,--,--,--,25.29,24/59,19.51,6/32,14.52,9/27,--,--,--,--,6.37,-2.86,13.61,-11.43,23.69,14.26,17.98,-5.24,18.25,6.22,--,--,--,--,--,--,--,172,--,--,Very High,13.15,1.28,2.25,--,--,--,--,29.077,28.927,29.187,19.889,100,0.6,1.00 (90),"Bharat Lahoti (4.2), Bhavesh Jain (6.2)"
Edelweiss Europe Dynamic Equity Offshore Fund - Regular Plan,Regular,EQ-INTL,2014-02-07,2.47,42/64,2.11,13/64,5.79,39/64,10.96,56/64,41.73,7/64,21.37,30/63,15.51,8/32,9.82,15/27,--,--,--,--,24.27,28/65,18.56,7/34,13.64,10/29,--,--,--,--,5.44,-3.91,12.54,-12.19,22.79,13.47,17.01,-6.03,17.27,5.34,--,--,--,--,--,--,--,172,--,--,Very High,13.14,1.22,2.13,--,--,--,--,26.275,26.141,26.383,18.114,100,1.44,1.00 (90),"Bharat Lahoti (4.2), Bhavesh Jain (6.2)"
Edelweiss Greater China Equity Off-shore Fund - Direct Plan,Direct,EQ-INTL,2013-01-01,1.12,49/58,-2.92,53/58,6.72,34/58,28.4,11/58,40.58,7/58,15.72,44/57,1.88,30/30,11.28,13/25,--,--,--,--,22.71,32/59,10.73,29/32,10.89,17/27,--,--,--,--,-0.87,1.24,45,-16.75,46.64,58.63,-7.67,-20.36,-9.46,15.73,--,--,13,--,--,--,--,"2,534",--,--,Very High,24.47,0.74,1.58,--,--,--,--,57.497,57.573,60.29,38.019,100,0.77,1.00 (90),"Bharat Lahoti (4.2), Bhavesh Jain (6.2)"
Edelweiss Greater China Equity Off-shore Fund - Regular Plan,Regular,EQ-INTL,2009-08-26,1.11,55/64,-2.99,58/64,6.48,37/64,27.83,12/64,39.32,9/64,14.67,50/63,0.94,32/32,10.25,14/27,10.28,2/12,--,--,21.66,38/65,9.83,32/34,9.89,21/29,10.26,6/14,--,--,-1.5,0.11,43.56,-17.5,45.45,57.36,-8.57,-21.09,-10.29,14.67,--,--,13,--,--,--,--,"2,534",--,--,Very High,24.44,0.7,1.5,--,--,--,--,50.997,51.065,53.543,33.913,100,1.64,1.00 (90),"Bharat Lahoti (4.2), Bhavesh Jain (6.2)"
Edelweiss US Technology Equity FoF - Direct Plan,Direct,EQ-INTL,2020-03-05,1.96,42/58,-3.76,55/58,7.54,27/58,22.73,28/58,21.58,40/58,35.57,6/57,15.57,9/30,--,--,--,--,--,--,32.33,7/59,22.55,3/32,--,--,--,--,--,--,--,--,--,--,--,--,15.12,-38.57,67,29.79,--,--,--,--,--,--,--,"3,866",--,--,Very High,24.82,1.24,1.98,--,--,--,--,33.714,32.863,36.442,21.47,100,0.73,1.00 (90),"Bharat Lahoti (4.2), Bhavesh Jain (5.8)"
Edelweiss US Technology Equity FoF - Regular Plan,Regular,EQ-INTL,2020-03-05,1.94,46/64,-3.83,60/64,7.3,31/64,22.17,31/64,20.5,44/64,34.34,7/63,14.48,10/32,--,--,--,--,--,--,31.13,16/65,21.5,4/34,--,--,--,--,--,--,--,--,--,--,--,--,13.96,-39.15,65.47,28.61,--,--,--,--,--,--,--,"3,866",--,--,Very High,24.79,1.2,1.92,--,--,--,--,31.911,31.106,34.515,20.438,100,1.61,1.00 (90),"Bhavesh Jain (5.8), Bharat Lahoti (4.2)"
Edelweiss US Value Equity Off-shore Fund - Direct Plan,Direct,EQ-INTL,2013-08-07,3.55,16/58,2.95,8/58,5.22,40/58,16.71,41/58,7.48,57/58,12.24,48/57,14.56,11/30,12.14,9/25,--,--,--,--,15.69,51/59,13.86,19/32,13.5,12/27,--,--,--,--,-1.79,14.96,5.33,-2.79,29.29,6.47,29.25,4.17,9.52,15.58,--,--,--,--,--,--,--,183,--,--,Very High,12.44,0.53,0.78,--,--,--,--,39.359,38.857,39.359,30.981,100,0.71,1.00 (90),"Bharat Lahoti (4.2), Bhavesh Jain (6.2)"
Edelweiss US Value Equity Off-shore Fund - Regular Plan,Regular,EQ-INTL,2013-08-07,3.53,18/64,2.87,8/64,4.98,44/64,16.17,46/64,6.51,63/64,11.24,55/63,13.54,12/32,11.23,10/27,--,--,--,--,14.66,57/65,12.86,23/34,12.54,13/29,--,--,--,--,-2.61,14.11,5.01,-3.71,28.19,5.58,28.1,3.26,8.55,14.55,--,--,--,--,--,--,--,183,--,--,Very High,12.43,0.46,0.68,--,--,--,--,35.49,35.038,35.492,28.096,100,1.62,1.00 (90),"Bharat Lahoti (4.2), Bhavesh Jain (6.2)"
Franklin Asian Equity Fund - Direct Plan,Direct,EQ-INTL,2013-01-01,0.41,55/58,-1.87,49/58,8.66,21/58,19.03,37/58,22.9,38/58,13.84,46/57,3.67,28/30,9.06,19/25,--,--,--,--,17.69,47/59,9.98,31/32,8.54,25/27,--,--,--,--,-3.91,8.01,36.5,-13.01,28.84,26.56,-5.16,-13.75,1.67,15.29,Blend,"6,83,753",38.84,--,--,--,--,297,--,--,Very High,16.52,0.79,1.52,--,--,--,--,37.98,37.909,39.085,28.257,"5,000",1.72,1.00 (365),"Shyam Sundar Sriram (1.2), Sandeep Manam (4.1)"
Franklin Asian Equity Fund - Regular Plan,Regular,EQ-INTL,2008-01-16,0.39,61/64,-1.94,54/64,8.44,24/64,18.54,41/64,21.86,42/64,12.82,52/63,2.79,30/32,8.24,20/27,7.96,5/12,--,--,16.7,54/65,9.09,33/34,7.7,27/29,7.88,12/14,--,--,-4.59,7.19,35.47,-13.56,28.16,25.84,-5.85,-14.47,0.65,14.32,Blend,"6,83,753",38.84,--,--,--,--,297,--,--,Very High,16.51,0.73,1.41,--,--,--,--,34.631,34.567,35.658,25.902,"5,000",2.54,1.00 (365),"Sandeep Manam (4.1), Shyam Sundar Sriram (1.2)"
Franklin U.S. Opportunities Equity Active FoF - Direct Plan,Direct,EQ-INTL,2013-01-02,3.56,14/58,-0.59,35/58,2.26,51/58,15.2,43/58,10.13,53/58,24.52,19/57,11.95,16/30,15.19,6/25,--,--,--,--,22.27,33/59,16.07,13/32,16.65,4/27,--,--,--,--,10.02,0.03,19.2,7.4,35.4,46.63,19.1,-29.62,39.26,28.1,--,--,2.44,--,--,--,--,"4,520",--,--,Very High,16.5,1.1,1.58,--,--,--,--,91.186,90.372,94.353,66.345,"5,000",0.62,1.00 (365),Sandeep Manam (4.1)
Franklin U.S. Opportunities Equity Active FoF - Regular Plan,Regular,EQ-INTL,2012-02-06,3.55,17/64,-0.67,39/64,2.01,56/64,14.64,48/64,9.11,59/64,23.34,22/63,10.85,18/32,14.12,6/27,--,--,--,--,21.1,41/65,15,16/34,15.53,5/29,--,--,--,--,8.76,-0.77,18.12,6.46,34.21,45.22,17.89,-30.35,37.94,26.88,--,--,2.44,--,--,--,--,"4,520",--,--,Very High,16.48,1.04,1.49,--,--,--,--,80.424,79.707,83.276,58.872,"5,000",1.54,1.00 (365),Sandeep Manam (4.1)
HDFC Developed World Overseas Equity Passive FoF - Direct Plan,Direct,EQ-INTL,2021-10-06,3.44,20/58,1.63,15/58,6.73,32/58,20.91,32/58,24.27,35/58,22.24,27/57,--,--,--,--,--,--,--,--,24.67,25/59,--,--,--,--,--,--,--,--,--,--,--,--,--,--,--,-9.45,23.77,22.34,--,--,--,--,--,--,--,"1,463",--,--,Very High,10.91,1.51,2.12,--,--,--,--,18.086,18.068,18.18,12.752,100,0.22,1.00 (30),"Arun Agarwal (3.8), Nandita Menezes (0.7)"
HDFC Developed World Overseas Equity Passive FoF - Regular Plan,Regular,EQ-INTL,2021-10-06,3.43,21/64,1.59,16/64,6.62,35/64,20.66,36/64,23.75,39/64,21.72,27/63,--,--,--,--,--,--,--,--,24.15,29/65,--,--,--,--,--,--,--,--,--,--,--,--,--,--,--,-9.97,23.22,21.84,--,--,--,--,--,--,--,"1,463",--,--,Very High,10.9,1.47,2.06,--,--,--,--,17.732,17.714,17.827,12.535,100,0.63,1.00 (30),"Arun Agarwal (3.8), Nandita Menezes (0.7)"
HSBC Asia Pacific (Ex Japan) Dividend Yield Fund - Direct Plan,Direct,EQ-INTL,2014-02-24,0.77,51/58,-0.22,29/58,8.33,23/58,24.22,21/58,32.72,19/58,19.61,34/57,10.71,19/30,11.91,11/25,--,--,--,--,24.33,26/59,16.11,12/32,12.54,13/27,--,--,--,--,-5.96,12.36,24.9,-3.09,23.06,15.4,5.63,-7.87,10.13,13.59,--,--,21,--,--,--,--,69,--,--,Very High,14.21,1.2,2.52,--,--,--,--,30.822,30.854,31.471,20.623,"5,000",1.01,1.00 (365),Sonal Gupta (3)
HSBC Asia Pacific (Ex Japan) Dividend Yield Fund - Regular Plan,Regular,EQ-INTL,2014-02-24,0.76,57/64,-0.25,31/64,8.23,26/64,24.04,23/64,32.26,22/64,19.06,37/63,10.07,20/32,11.19,11/27,--,--,--,--,23.87,30/65,15.58,13/34,11.88,14/29,--,--,--,--,-6.62,11.58,24.03,-3.8,22.22,14.47,4.85,-8.58,9.45,13.17,--,--,21,--,--,--,--,69,--,--,Very High,14.21,1.17,2.45,--,--,--,--,28.524,28.554,29.129,19.125,"5,000",1.38,1.00 (365),Sonal Gupta (3)
HSBC Brazil Fund,Regular,EQ-INTL,2011-05-06,2.91,32/64,7.94,4/64,16.57,5/64,23.28,27/64,37.26,12/64,11.4,54/63,4.78,28/32,6.51,26/27,--,--,--,--,17.82,49/65,10.73,30/34,5.2,29/29,--,--,--,--,-43.01,61.11,11.39,6.08,26.96,-22.98,-26.98,14.62,24.75,-28.9,--,--,6,--,--,--,--,245,--,--,Very High,22.31,0.09,0.19,--,--,--,--,8.972,8.927,8.98,5.753,"5,000",1.55,1.00 (365),Sonal Gupta (3)
HSBC Brazil Fund - Direct Plan,Direct,EQ-INTL,2013-01-02,2.92,28/58,7.99,4/58,16.72,5/58,23.6,24/58,38,11/58,12.07,49/57,5.49,26/30,7.26,23/25,--,--,--,--,18.45,45/59,11.37,27/32,5.88,27/27,--,--,--,--,-42.61,62.25,12.17,6.85,27.93,-22.36,-26.39,15.5,25.6,-28.5,--,--,6,--,--,--,--,245,--,--,Very High,22.32,0.12,0.25,--,--,--,--,9.832,9.783,9.839,6.273,"5,000",1.03,1.00 (365),Sonal Gupta (3)
HSBC Global Emerging Markets Fund,Regular,EQ-INTL,2008-03-17,0.25,62/64,-0.6,34/64,11.47,10/64,25.52,18/64,36.21,15/64,17.01,42/63,6.38,26/32,9.46,16/27,6.33,9/12,--,--,22.98,33/65,12.91,22/34,9.89,20/29,8.16,9/14,--,--,-14.81,14.38,26.52,-10.32,23.4,26.38,-3.94,-15.13,4.77,9.26,--,--,47,--,--,--,--,265,--,--,Very High,15.94,0.89,1.58,--,--,--,--,25.361,25.409,26.05,17.436,"5,000",1.55,1.00 (365),Sonal Gupta (3)
HSBC Global Emerging Markets Fund - Direct Plan,Direct,EQ-INTL,2013-01-02,0.26,56/58,-0.57,33/58,11.6,10/58,25.8,16/58,36.97,13/58,17.77,37/57,7.1,25/30,10.22,15/25,--,--,--,--,23.71,29/59,13.58,20/32,10.61,20/27,--,--,--,--,-14.2,15.18,27.41,-9.66,24.25,27.3,-3.24,-14.52,5.5,10.02,--,--,47,--,--,--,--,265,--,--,Very High,15.94,0.93,1.66,--,--,--,--,27.772,27.824,28.518,19.035,"5,000",1.12,1.00 (365),Sonal Gupta (3)
HSBC Global Equity Climate Change FoF - Direct Plan,Direct,EQ-INTL,2021-03-22,2.67,33/58,-2.63,51/58,-0.06,56/58,5.82,58/58,8.53,56/58,8.09,55/57,--,--,--,--,--,--,--,--,9.54,59/59,--,--,--,--,--,--,--,--,--,--,--,--,--,--,--,-19.5,12.67,3.06,--,--,--,--,--,--,--,53,--,--,Very High,13.97,0.43,0.75,--,--,--,--,11.483,11.318,11.927,9.107,"5,000",0.82,1.00 (365),"Mahesh A Chhabria (0.8), Sonal Gupta (3)"
HSBC Global Equity Climate Change FoF - Regular Plan,Regular,EQ-INTL,2021-03-22,2.66,36/64,-2.68,56/64,-0.22,61/64,5.95,64/64,8.32,61/64,7.53,61/63,--,--,--,--,--,--,--,--,9.11,65/65,--,--,--,--,--,--,--,--,--,--,--,--,--,--,--,-20.14,11.86,2.4,--,--,--,--,--,--,--,53,--,--,Very High,13.95,0.39,0.68,--,--,--,--,11.153,10.993,11.59,8.841,"5,000",1.44,1.00 (365),"Mahesh A Chhabria (0.8), Sonal Gupta (3)"
ICICI Prudential Global Advantage Fund (FOF),Regular,EQ-INTL,2019-10-07,2.3,43/64,0.76,23/64,6.54,36/64,18.98,39/64,25.88,36/64,19.05,38/63,8.56,21/32,--,--,--,--,--,--,21.07,42/65,13.97,18/34,--,--,--,--,--,--,--,--,--,--,--,17.7,0.55,-10.31,10.42,17.85,Blend,"5,05,639",--,--,--,--,--,372,--,--,Very High,14.38,1.12,1.88,--,--,--,--,19.612,19.422,20.021,14.543,100,1.36,1.00 (30),"Dharmesh Kakkad (6.2), Sharmila D'Silva (1.5), Masoomi Jhurmarvala (1.1), Sankaran Naren (6.2)"
ICICI Prudential Global Advantage Fund (FOF) - Direct Plan,Direct,EQ-INTL,2019-10-07,2.32,39/58,0.83,21/58,6.73,33/58,19.41,35/58,26.8,32/58,19.9,32/57,9.34,20/30,--,--,--,--,--,--,21.91,35/59,14.74,18/32,--,--,--,--,--,--,--,--,--,--,--,18.35,1.19,-9.57,11.19,18.68,Blend,"5,05,639",--,--,--,--,--,372,--,--,Very High,14.4,1.17,1.96,--,--,--,--,20.448,20.25,20.854,15.094,100,0.65,1.00 (30),"Dharmesh Kakkad (6.2), Masoomi Jhurmarvala (1.1), Sharmila D'Silva (1.5), Sankaran Naren (6.2)"
ICICI Prudential Global Stable Equity Fund (FOF),Regular,EQ-INTL,2013-09-13,2.54,41/64,0.58,24/64,2.25,55/64,9.55,61/64,13.04,55/64,10.89,56/63,11.18,17/32,9.36,17/27,--,--,--,--,12.08,61/65,10.82,29/34,10.18,18/29,--,--,--,--,5.03,7.26,7.15,-0.86,22.95,2.94,19.74,3.2,11.71,5.63,--,--,8,--,--,--,--,87,--,--,Very High,9.41,0.56,1.01,--,--,--,--,29.48,29.32,29.53,24.91,"5,000",1.42,1.00 (30),"Sharmila D'Silva (3.7), Masoomi Jhurmarvala (1.1), Ritesh Lunawat (1.2)"
ICICI Prudential Global Stable Equity Fund (FOF) - Direct Plan,Direct,EQ-INTL,2013-09-13,2.51,37/58,0.63,22/58,2.41,50/58,9.95,55/58,13.68,50/58,11.39,51/57,11.61,17/30,10.01,16/25,--,--,--,--,12.67,55/59,11.27,28/32,10.74,18/27,--,--,--,--,6.01,8.18,7.71,0.07,23.61,4.1,20.51,3.05,12.04,6.15,--,--,8,--,--,--,--,87,--,--,Very High,9.4,0.61,1.1,--,--,--,--,31.82,31.65,31.86,26.78,"5,000",0.65,1.00 (30),"Sharmila D'Silva (3.7), Masoomi Jhurmarvala (1.1), Ritesh Lunawat (1.2)"
ICICI Prudential NASDAQ 100 Index Fund,Regular,EQ-INTL,2021-10-18,3.37,25/64,1.27,19/64,9,21/64,25.19,19/64,27.27,33/64,32.31,12/63,--,--,--,--,--,--,--,--,31.29,14/65,--,--,--,--,--,--,--,--,--,--,--,--,--,--,--,-25.69,53.71,28.25,Growth,"55,00,236",12,--,--,--,--,"2,665",--,--,Very High,16.45,1.5,2.1,--,--,--,--,19.237,19.061,19.695,12.598,"1,000",1.07,--,"Sharmila D'Silva (3.7), Nitya Mishra (1.1)"
ICICI Prudential NASDAQ 100 Index Fund - Direct Plan,Direct,EQ-INTL,2021-10-18,3.38,22/58,1.31,17/58,9.12,18/58,25.49,17/58,27.86,28/58,32.91,9/57,--,--,--,--,--,--,--,--,31.88,12/59,--,--,--,--,--,--,--,--,--,--,--,--,--,--,--,-25.32,54.48,28.76,Growth,"55,00,236",12,--,--,--,--,"2,665",--,--,Very High,16.46,1.53,2.14,--,--,--,--,19.611,19.431,20.071,12.805,"1,000",0.61,--,"Sharmila D'Silva (3.7), Nitya Mishra (1.1)"
ICICI Prudential Strategic Metal and Energy Equity FoF,Regular,EQ-INTL,2022-02-02,3.68,13/64,9.54,3/64,17.35,3/64,34.42,5/64,49.39,4/64,18.51,39/63,--,--,--,--,--,--,--,--,30.05,18/65,--,--,--,--,--,--,--,--,--,--,--,--,--,--,--,--,3.45,4.02,--,--,--,--,--,--,--,115,--,--,Very High,19.46,0.57,0.98,--,--,--,--,22.388,21.765,22.388,13.633,"1,000",1.57,1.00 (365),"Sharmila D'Silva (3.6), Masoomi Jhurmarvala (1.1)"
ICICI Prudential Strategic Metal and Energy Equity FoF - Direct Plan,Direct,EQ-INTL,2022-02-02,3.7,10/58,9.63,3/58,17.64,3/58,35.06,5/58,50.74,4/58,19.61,33/57,--,--,--,--,--,--,--,--,31.17,15/59,--,--,--,--,--,--,--,--,--,--,--,--,--,--,--,--,4.46,4.93,--,--,--,--,--,--,--,115,--,--,Very High,19.46,0.62,1.06,--,--,--,--,23.221,22.574,23.221,14.021,"1,000",0.6,1.00 (365),"Sharmila D'Silva (3.6), Masoomi Jhurmarvala (1.1)"
ICICI Prudential US Bluechip Equity Fund,Regular,EQ-INTL,2012-07-06,4.76,6/64,2.39,12/64,4.73,46/64,18.71,40/64,9.51,58/64,16.59,44/63,13.39,14/32,14.43,5/27,--,--,--,--,15.5,56/65,13.86,19/34,15.05,6/29,--,--,--,--,0.68,11.61,14.12,5.12,34.25,18.56,22.47,-7.09,30.59,10.36,Blend,"5,03,522",63,--,--,--,--,"3,396",--,--,Very High,15.36,0.75,1.43,--,--,--,--,70.61,70.5,70.61,51.94,"5,000",2,1.00 (30),"Sharmila D'Silva (3.4), Ritesh Lunawat (1.2), Nitya Mishra (1.1)"
ICICI Prudential US Bluechip Equity Fund - Direct Plan,Direct,EQ-INTL,2013-01-01,4.78,4/58,2.46,11/58,4.95,42/58,19.22,36/58,10.42,52/58,17.59,38/57,14.45,12/30,15.46,4/25,--,--,--,--,16.47,50/59,14.87,17/32,16.1,5/27,--,--,--,--,1.67,12.71,14.92,6.01,35.49,19.66,23.73,-6.08,31.77,11.29,Blend,"5,03,522",63,--,--,--,--,"3,396",--,--,Very High,15.37,0.8,1.54,--,--,--,--,79.08,78.96,79.08,57.86,"5,000",1.17,1.00 (30),"Sharmila D'Silva (3.4), Ritesh Lunawat (1.2), Nitya Mishra (1.1)"
Invesco India - Invesco EQQQ NASDAQ-100 ETF FoF - Direct Plan,Direct,EQ-INTL,2022-04-21,3.66,11/58,1.25,18/58,9.83,12/58,26.34,15/58,28.5,26/58,32.55,11/57,--,--,--,--,--,--,--,--,32.2,8/59,--,--,--,--,--,--,--,--,--,--,--,--,--,--,--,--,53.96,30.09,--,--,--,--,--,--,--,440,--,--,Very High,16.49,1.49,2.19,--,--,--,--,21.162,20.785,21.577,13.866,"1,000",0.16,--,Abhisek Bahinipati (0.1)
Invesco India - Invesco EQQQ NASDAQ-100 ETF FoF - Regular Plan,Regular,EQ-INTL,2022-04-21,3.66,14/64,1.23,20/64,9.77,13/64,26.19,17/64,28.2,30/64,32.24,13/63,--,--,--,--,--,--,--,--,31.89,8/65,--,--,--,--,--,--,--,--,--,--,--,--,--,--,--,--,53.58,29.8,--,--,--,--,--,--,--,440,--,--,Very High,16.49,1.48,2.17,--,--,--,--,20.98,20.606,21.395,13.766,"1,000",0.4,--,Abhisek Bahinipati (0.1)
Invesco India - Invesco Global Consumer Trends FoF - Direct Plan,Direct,EQ-INTL,2020-12-24,3.45,19/58,-9.34,58/58,-0.77,58/58,21.78,31/58,27.65,30/58,25.43,17/57,--,--,--,--,--,--,--,--,28.61,18/59,--,--,--,--,--,--,--,--,--,--,--,--,--,--,-5.98,-37.94,26.74,29.13,--,--,--,--,--,--,--,706,--,--,Very High,22.32,1.08,1.7,--,--,--,--,12.173,11.979,14.241,7.431,"1,000",0.59,1.00 (365),Sagar Gandhi (0.7)
Invesco India - Invesco Global Consumer Trends FoF - Regular Plan,Regular,EQ-INTL,2020-12-24,3.43,22/64,-9.42,64/64,-1.01,63/64,21.19,34/64,26.47,35/64,24.26,20/63,--,--,--,--,--,--,--,--,27.45,21/65,--,--,--,--,--,--,--,--,--,--,--,--,--,--,-7.03,-38.59,25.49,28,--,--,--,--,--,--,--,706,--,--,Very High,22.3,1.04,1.64,--,--,--,--,11.588,11.403,13.574,7.117,"1,000",1.54,1.00 (365),Sagar Gandhi (0.7)
Invesco India - Invesco Global Equity Income FoF - Direct Plan,Direct,EQ-INTL,2014-05-05,3.45,18/58,-1.39,46/58,-0.16,57/58,9.96,54/58,18.22,46/58,21.39,30/57,16.85,6/30,12.01,10/25,--,--,--,--,19.74,42/59,17.92,9/32,14.8,8/27,--,--,--,--,5.29,3.95,14.54,-6.23,25.63,8.04,21.88,-1.37,27.79,13.99,--,--,--,--,--,--,--,170,--,--,Very High,12.31,1.48,2.57,--,--,--,--,34.339,33.634,35.67,26.47,"1,000",0.87,1.00 (365),Sagar Gandhi (0.7)
Invesco India - Invesco Global Equity Income FoF - Regular Plan,Regular,EQ-INTL,2014-05-05,3.44,20/64,-1.44,51/64,-0.29,62/64,9.65,60/64,17.59,50/64,20.79,32/63,16.17,7/32,11.09,12/27,--,--,--,--,19.16,47/65,17.3,10/34,14.05,9/29,--,--,--,--,4.05,2.63,13.16,-7.44,24.73,7.32,20.97,-2.07,27.04,13.6,--,--,--,--,--,--,--,170,--,--,Very High,12.3,1.44,2.48,--,--,--,--,31.016,30.379,32.242,23.99,"1,000",1.4,1.00 (365),Sagar Gandhi (0.7)
Invesco India - Invesco Pan European Equity FoF - Direct Plan,Direct,EQ-INTL,2014-01-31,2.31,40/58,2.67,10/58,4.54,43/58,11.69,49/58,33.99,16/58,16.4,41/57,14.11,13/30,8.46,21/25,--,--,--,--,17.24,49/59,14.98,16/32,11.48,16/27,--,--,--,--,1.73,0.9,16.14,-10.06,17.91,2.1,17.07,1.96,20.96,-4.68,--,--,--,High,AAA,--,--,103,--,--,Very High,13.51,0.97,1.75,--,--,--,--,22.769,22.37,23.237,16.426,"1,000",0.59,1.00 (365),Sagar Gandhi (0.7)
Invesco India - Invesco Pan European Equity FoF - Regular Plan,Regular,EQ-INTL,2014-01-31,2.3,44/64,2.64,11/64,4.45,47/64,11.47,54/64,33.48,19/64,15.95,46/63,13.67,11/32,7.75,22/27,--,--,--,--,16.81,53/65,14.55,17/34,10.96,17/29,--,--,--,--,0.6,-0.25,14.8,-11.1,17.21,1.56,16.62,1.57,20.48,-5.04,--,--,--,High,AAA,--,--,103,--,--,Very High,13.5,0.94,1.7,--,--,--,--,20.885,20.518,21.316,15.12,"1,000",0.96,1.00 (365),Sagar Gandhi (0.7)
Kotak Global Emerging Market Overseas Equity Omni FoF - Direct Plan,Direct,EQ-INTL,2013-01-01,1.28,47/58,-1.46,47/58,9.52,15/58,24.92,19/58,33.16,18/58,17.95,35/57,7.39,24/30,9.25,18/25,--,--,--,--,22.16,34/59,13.44,22/32,10.71,19/27,--,--,--,--,-4,-0.16,31.93,-13.65,22.16,29.81,0.07,-14.5,11.33,6.3,--,--,3.08,--,--,--,--,214,--,--,Very High,13.89,1.05,2.53,--,--,--,--,32.439,32.43,33.356,21.998,100,1.2,1.00 (365),Arjun Khanna (6.6)
Kotak Global Emerging Market Overseas Equity Omni FoF - Regular Plan,Regular,EQ-INTL,2007-09-26,1.28,51/64,-1.49,52/64,9.4,17/64,24.63,21/64,32.56,21/64,17.39,41/63,6.85,24/32,8.52,19/27,7.64,7/12,--,--,21.62,39/65,12.94,21/34,10.12,19/29,8.45,8/14,--,--,-4.61,-1.22,30.39,-14.32,21.4,29.11,-0.48,-14.95,10.77,5.82,--,--,3.08,--,--,--,--,214,--,--,Very High,13.88,1.02,2.44,--,--,--,--,29.864,29.856,30.717,20.314,100,1.62,1.00 (365),Arjun Khanna (6.6)
Kotak Global Innovation Overseas Equity Omni FoF - Direct Plan,Direct,EQ-INTL,2021-07-29,3.87,9/58,2.76,9/58,8.99,20/58,23.2,27/58,18.11,47/58,23.12,21/57,--,--,--,--,--,--,--,--,23.85,28/59,--,--,--,--,--,--,--,--,--,--,--,--,--,--,--,-29.68,33.03,20.74,--,--,1.95,--,--,--,--,555,--,--,Very High,16.02,1.02,1.43,--,--,--,--,13.143,13.005,13.197,8.952,100,0.49,1.00 (365),Arjun Khanna (4.4)
Kotak Global Innovation Overseas Equity Omni FoF - Regular Plan,Regular,EQ-INTL,2021-07-29,3.85,11/64,2.66,10/64,8.69,23/64,22.5,30/64,16.81,52/64,21.7,28/63,--,--,--,--,--,--,--,--,22.47,35/65,--,--,--,--,--,--,--,--,--,--,--,--,--,--,--,-30.57,31.45,19.37,--,--,1.95,--,--,--,--,555,--,--,Very High,16,0.95,1.33,--,--,--,--,12.479,12.348,12.539,8.56,100,1.59,1.00 (365),Arjun Khanna (4.4)
Kotak International REIT Overseas Equity Omni FoF - Direct Plan,Direct,EQ-INTL,2020-12-29,1.34,46/58,-1.19,44/58,1.18,54/58,13.75,44/58,16.23,48/58,7.84,56/57,--,--,--,--,--,--,--,--,11.84,57/59,--,--,--,--,--,--,--,--,--,--,--,--,--,--,--,-10,5.89,-2.82,--,--,4.6,--,--,--,--,91,--,--,Very High,17.02,0.32,0.64,--,--,--,--,11.69,11.577,12.089,9.096,100,0.53,1.00 (365),Arjun Khanna (5)
Kotak International REIT Overseas Equity Omni FoF - Regular Plan,Regular,EQ-INTL,2020-12-29,1.32,50/64,-1.26,49/64,0.97,59/64,13.26,50/64,15.25,53/64,6.9,62/63,--,--,--,--,--,--,--,--,10.91,63/65,--,--,--,--,--,--,--,--,--,--,--,--,--,--,--,-10.8,4.96,-3.67,--,--,4.6,--,--,--,--,91,--,--,Very High,17.01,0.27,0.54,--,--,--,--,11.185,11.078,11.574,8.749,100,1.36,1.00 (365),Arjun Khanna (5)
Kotak US Specific Equity Passive FoF - Direct Plan,Direct,EQ-INTL,2021-02-02,2.63,35/58,-0.64,37/58,9.58,14/58,23.88,22/58,28.91,25/58,32.9,10/57,--,--,--,--,--,--,--,--,31.95,11/59,--,--,--,--,--,--,--,--,--,--,--,--,--,--,--,-25.72,56.23,28.82,--,--,1.12,--,--,--,--,"3,883",--,--,Very High,16.64,1.52,2.23,--,--,--,--,22.891,22.921,23.402,14.973,100,0.25,--,"Arjun Khanna (4.9), Abhishek Bisen (4.6)"
Kotak US Specific Equity Passive FoF - Regular Plan,Regular,EQ-INTL,2021-02-02,2.62,38/64,-0.67,38/64,9.47,16/64,23.65,24/64,28.43,29/64,32.4,11/63,--,--,--,--,--,--,--,--,31.46,13/65,--,--,--,--,--,--,--,--,--,--,--,--,--,--,--,-26.02,55.63,28.35,--,--,1.12,--,--,--,--,"3,883",--,--,Very High,16.64,1.49,2.2,--,--,--,--,22.467,22.497,22.975,14.731,100,0.62,--,"Arjun Khanna (4.9), Abhishek Bisen (4.6)"
Mahindra Manulife Asia Pacific REITs FoF - Direct Plan,Direct,EQ-INTL,2021-10-20,1.02,50/58,-1.17,42/58,3.31,47/58,17.58,40/58,22.91,37/58,7.18,57/57,--,--,--,--,--,--,--,--,11.78,58/59,--,--,--,--,--,--,--,--,--,--,--,--,--,--,--,-5.98,1.49,-8.79,--,--,--,--,--,--,--,42,--,--,Very High,17.26,0.32,0.63,--,--,--,--,10.479,10.437,10.711,8.01,"5,000",0.5,1.00 (365),"Amit Garg (4.2), Krishna Sanghavi (0.9)"
Mahindra Manulife Asia Pacific REITs FoF - Regular Plan,Regular,EQ-INTL,2021-10-20,1,56/64,-1.24,47/64,3.08,52/64,17.06,45/64,21.81,43/64,6.18,63/63,--,--,--,--,--,--,--,--,10.8,64/65,--,--,--,--,--,--,--,--,--,--,--,--,--,--,--,-6.95,0.51,-9.62,--,--,--,--,--,--,--,42,--,--,Very High,17.25,0.26,0.52,--,--,--,--,10.072,10.032,10.303,7.743,"5,000",1.39,1.00 (365),"Amit Garg (4.2), Krishna Sanghavi (0.9)"
Mirae Asset Global Electric & Autonomous Vehicles Equity Passive FoF - Direct Plan,Direct,EQ-INTL,2022-09-07,1.39,44/58,-2.04,50/58,15.9,6/58,39.38,4/58,35.31,14/58,11.12,52/57,--,--,--,--,--,--,--,--,19.95,41/59,--,--,--,--,--,--,--,--,--,--,--,--,--,--,--,--,15.29,-3.14,--,--,--,--,--,--,--,60,--,--,Very High,24.14,0.39,0.74,--,--,--,--,13.286,13.255,13.93,7.953,"5,000",0.24,1.00 (365),Siddharth Srivastava (3.3)
Mirae Asset Global Electric & Autonomous Vehicles Equity Passive FoF - Regular Plan,Regular,EQ-INTL,2022-09-07,1.38,48/64,-2.07,55/64,15.82,6/64,39.19,4/64,34.92,17/64,10.64,58/63,--,--,--,--,--,--,--,--,19.51,46/65,--,--,--,--,--,--,--,--,--,--,--,--,--,--,--,--,14.91,-3.75,--,--,--,--,--,--,--,60,--,--,Very High,24.16,0.37,0.71,--,--,--,--,13.103,13.073,13.742,7.858,"5,000",0.53,1.00 (365),Siddharth Srivastava (3.3)
Mirae Asset Global X Artificial Intelligence & Technology ETF FoF - Direct Plan,Direct,EQ-INTL,2022-09-07,2.75,30/58,-2.68,52/58,12.29,9/58,29.42,8/58,34.95,15/58,37.22,4/57,--,--,--,--,--,--,--,--,36.05,5/59,--,--,--,--,--,--,--,--,--,--,--,--,--,--,--,--,55.55,27.33,--,--,--,--,--,--,--,407,--,--,Very High,19.78,1.6,2.92,--,--,--,--,26.072,25.839,27.964,15.937,"5,000",0.26,1.00 (365),Siddharth Srivastava (3.3)
Mirae Asset Global X Artificial Intelligence & Technology ETF FoF - Regular Plan,Regular,EQ-INTL,2022-09-07,2.75,34/64,-2.69,57/64,12.25,9/64,29.33,8/64,34.75,18/64,37,4/63,--,--,--,--,--,--,--,--,35.86,6/65,--,--,--,--,--,--,--,--,--,--,--,--,--,--,--,--,55.25,27.16,--,--,--,--,--,--,--,407,--,--,Very High,19.77,1.59,2.9,--,--,--,--,25.933,25.702,27.818,15.867,"5,000",0.4,1.00 (365),Siddharth Srivastava (3.3)
Mirae Asset Hang Seng TECH ETF,Regular,EQ-INTL,2021-12-06,1.19,54/64,-8.36,63/64,-1.19,64/64,14.13,49/64,35.83,16/64,20.79,33/63,--,--,--,--,--,--,--,--,23.86,31/65,--,--,--,--,--,--,--,--,--,--,--,--,--,--,--,-18.77,-8.51,22.99,Value,"5,95,064",--,--,--,--,--,438,--,--,Very High,39.04,0.72,1.48,--,--,--,--,21.518,21.586,25.311,15.61,"5,000",0.55,--,Siddharth Srivastava (4)
Mirae Asset Hang Seng TECH ETF,Direct,EQ-INTL,2021-12-06,1.19,54/64,-8.36,63/64,-1.19,64/64,14.13,49/64,35.83,16/64,20.79,33/63,--,--,--,--,--,--,--,--,23.86,31/65,--,--,--,--,--,--,--,--,--,--,--,--,--,--,--,-18.77,-8.51,22.99,Value,"5,95,064",--,--,--,--,--,438,--,--,Very High,39.04,0.72,1.48,--,--,--,--,21.518,21.586,25.311,15.61,"5,000",0.55,--,Siddharth Srivastava (4)
Mirae Asset Hang Seng TECH ETF FoF - Direct Plan,Direct,EQ-INTL,2021-12-08,0.19,57/58,-4.32,56/58,2.54,49/58,13.23,46/58,40.2,8/58,27.41,16/57,--,--,--,--,--,--,--,--,32.14,9/59,--,--,--,--,--,--,--,--,--,--,--,--,--,--,--,-18.19,-5.64,32.36,Value,"5,95,064",--,--,--,--,--,100,--,--,Very High,36.64,0.91,2.49,--,--,--,--,13.407,13.242,17.699,8.925,"5,000",0.08,0.50 (90),"Ekta Gala (4), Akshay Udeshi (0.7)"
Mirae Asset Hang Seng TECH ETF FoF - Regular Plan,Regular,EQ-INTL,2021-12-08,0.18,63/64,-4.36,61/64,2.43,54/64,12.96,52/64,39.58,8/64,26.86,18/63,--,--,--,--,--,--,--,--,31.58,12/65,--,--,--,--,--,--,--,--,--,--,--,--,--,--,--,-18.61,-6.04,31.8,Value,"5,95,064",--,--,--,--,--,100,--,--,Very High,36.62,0.9,2.46,--,--,--,--,13.165,13.003,17.391,8.798,"5,000",0.52,0.50 (90),"Ekta Gala (4), Akshay Udeshi (0.7)"
Mirae Asset NYSE FANG+ ETF,Regular,EQ-INTL,2021-05-06,3.2,30/64,1.59,17/64,9.8,12/64,27.43,13/64,39.2,10/64,56.75,2/63,--,--,--,--,--,--,--,--,48.03,3/65,--,--,--,--,--,--,--,--,--,--,--,--,--,--,--,-33.54,95.65,53.76,Growth,"1,19,87,563",--,--,--,--,--,"3,652",--,--,Very High,23.09,1.91,2.89,--,--,--,--,144.657,144.36,148.994,87.197,"5,000",0.65,--,Siddharth Srivastava (4.6)
Mirae Asset NYSE FANG+ ETF,Direct,EQ-INTL,2021-05-06,3.2,30/64,1.59,17/64,9.8,12/64,27.43,13/64,39.2,10/64,56.75,2/63,--,--,--,--,--,--,--,--,48.03,3/65,--,--,--,--,--,--,--,--,--,--,--,--,--,--,--,-33.54,95.65,53.76,Growth,"1,19,87,563",--,--,--,--,--,"3,652",--,--,Very High,23.09,1.91,2.89,--,--,--,--,144.657,144.36,148.994,87.197,"5,000",0.65,--,Siddharth Srivastava (4.6)
Mirae Asset NYSE FANG+ ETF FoF - Direct Plan,Direct,EQ-INTL,2021-05-10,1.56,43/58,-0.19,27/58,8.09,24/58,24.53,20/58,55.94,3/58,63.73,1/57,--,--,--,--,--,--,--,--,57.46,2/59,--,--,--,--,--,--,--,--,--,--,--,--,--,--,--,-32.92,93.16,85.65,Growth,"1,19,87,563",--,--,--,--,--,"2,463",--,--,Very High,23.41,2.13,4.62,--,--,--,--,36.07,35.11,37.98,22.235,"5,000",0.07,0.50 (90),"Ekta Gala (4.6), Akshay Udeshi (0.7)"
Mirae Asset NYSE FANG+ ETF FoF - Regular Plan,Regular,EQ-INTL,2021-05-10,1.55,47/64,-0.23,29/64,7.98,27/64,24.29,22/64,55.34,2/64,63.12,1/63,--,--,--,--,--,--,--,--,56.84,2/65,--,--,--,--,--,--,--,--,--,--,--,--,--,--,--,-33.16,92.47,84.94,Growth,"1,19,87,563",--,--,--,--,--,"2,463",--,--,Very High,23.41,2.11,4.59,--,--,--,--,35.434,34.492,37.321,21.895,"5,000",0.45,0.50 (90),"Ekta Gala (4.6), Akshay Udeshi (0.7)"
Mirae Asset S&P 500 Top 50 ETF,Regular,EQ-INTL,2021-09-20,3.39,24/64,2.81,9/64,9.71,14/64,28.26,9/64,26.66,34/64,30.46,16/63,--,--,--,--,--,--,--,--,31.77,10/65,--,--,--,--,--,--,--,--,--,--,--,--,--,--,--,-16.25,37.24,36.11,Growth,"1,27,89,535",--,--,--,--,--,"1,004",--,--,Very High,13.95,1.6,1.99,--,--,--,--,59.301,58.891,59.843,39.362,"5,000",0.6,--,Siddharth Srivastava (4.2)
Mirae Asset S&P 500 Top 50 ETF,Direct,EQ-INTL,2021-09-20,3.39,24/64,2.81,9/64,9.71,14/64,28.26,9/64,26.66,34/64,30.46,16/63,--,--,--,--,--,--,--,--,31.77,10/65,--,--,--,--,--,--,--,--,--,--,--,--,--,--,--,-16.25,37.24,36.11,Growth,"1,27,89,535",--,--,--,--,--,"1,004",--,--,Very High,13.95,1.6,1.99,--,--,--,--,59.301,58.891,59.843,39.362,"5,000",0.6,--,Siddharth Srivastava (4.2)
Mirae Asset S&P 500 Top 50 ETF FoF - Direct Plan,Direct,EQ-INTL,2021-09-22,2.97,27/58,1.09,20/58,8.06,25/58,27.57,12/58,37.75,12/58,36.93,5/57,--,--,--,--,--,--,--,--,40.33,4/59,--,--,--,--,--,--,--,--,--,--,--,--,--,--,--,-16.26,36.35,64.14,Growth,"1,27,89,535",--,--,--,--,--,781,--,--,Very High,17.45,1.62,2.38,--,--,--,--,24.79,24.373,25.489,16.012,"5,000",0.09,0.50 (90),"Ekta Gala (4.2), Akshay Udeshi (0.7)"
Mirae Asset S&P 500 Top 50 ETF FoF - Regular Plan,Regular,EQ-INTL,2021-09-22,2.97,31/64,1.06,22/64,7.95,28/64,27.32,14/64,37.21,13/64,36.37,5/63,--,--,--,--,--,--,--,--,39.77,5/65,--,--,--,--,--,--,--,--,--,--,--,--,--,--,--,-16.57,35.77,63.49,Growth,"1,27,89,535",--,--,--,--,--,781,--,--,Very High,17.44,1.6,2.35,--,--,--,--,24.37,23.96,25.064,15.78,"5,000",0.49,0.50 (90),"Ekta Gala (4.2), Akshay Udeshi (0.7)"
Motilal Oswal Developed Market Ex US ETFs Overseas Equity Passive FoF - Direct Plan,Direct,EQ-INTL,2023-09-21,4.66,5/58,0.42,23/58,5.51,38/58,13.53,45/58,32.23,20/58,--,--,--,--,--,--,--,--,--,--,--,--,--,--,--,--,--,--,--,--,--,--,--,--,--,--,--,--,--,4.85,--,--,--,--,--,--,--,34,--,--,Very High,--,--,--,--,--,--,--,15.208,15.193,15.336,11.059,500,0.11,1.00 (15),"Rakesh Shetty (2.2), Swapnil P Mayekar (0.1)"
Motilal Oswal Developed Market Ex US ETFs Overseas Equity Passive FoF - Regular Plan,Regular,EQ-INTL,2023-09-21,4.65,7/64,0.38,25/64,5.4,42/64,13.01,51/64,31.36,23/64,--,--,--,--,--,--,--,--,--,--,--,--,--,--,--,--,--,--,--,--,--,--,--,--,--,--,--,--,--,4.44,--,--,--,--,--,--,--,34,--,--,Very High,--,--,--,--,--,--,--,15.036,15.022,15.166,10.99,500,0.49,1.00 (15),"Rakesh Shetty (2.2), Swapnil P Mayekar (0.1)"
Motilal Oswal NASDAQ 100 ETF,Regular,EQ-INTL,2011-03-29,5.64,2/64,-1.02,43/64,9.33,19/64,23.23,28/64,28.66,27/64,32.42,10/63,20.17,3/32,21.65,1/27,--,--,--,--,31.62,11/65,24.27,3/34,23.66,1/29,--,--,--,--,13.54,8.11,22.2,5.53,41.63,51.51,29.96,-25.84,54.24,28.29,Growth,"60,22,988",11,--,--,--,--,"11,317",--,--,Very High,15.67,1.57,2.3,--,--,--,--,220.056,219.843,224.96,143.984,500,0.58,--,"Swapnil P Mayekar (0.1), Dishant Mehta (0.1)"
Motilal Oswal NASDAQ 100 ETF,Direct,EQ-INTL,2011-03-29,5.64,2/64,-1.02,43/64,9.33,19/64,23.23,28/64,28.66,27/64,32.42,10/63,20.17,3/32,21.65,1/27,--,--,--,--,31.62,11/65,24.27,3/34,23.66,1/29,--,--,--,--,13.54,8.11,22.2,5.53,41.63,51.51,29.96,-25.84,54.24,28.29,Growth,"60,22,988",11,--,--,--,--,"11,317",--,--,Very High,15.67,1.57,2.3,--,--,--,--,220.056,219.843,224.96,143.984,500,0.58,--,"Swapnil P Mayekar (0.1), Dishant Mehta (0.1)"
Motilal Oswal Nasdaq 100 FOF - Direct Plan,Direct,EQ-INTL,2018-11-29,-1.84,58/58,-5.4,57/58,14.53,7/58,31.07,6/58,31.36,21/58,34.4,7/57,20.65,2/30,--,--,--,--,--,--,33.93,6/59,25.48,2/32,--,--,--,--,--,--,--,--,--,--,38.67,51.37,28.99,-25.9,53.05,55.17,Growth,"60,22,988",--,--,--,--,--,"6,635",--,--,Very High,21.4,1.32,2.15,--,--,--,--,49.036,49.172,52.895,34.56,500,0.21,1.00 (15),"Swapnil P Mayekar (6.3), Rakesh Shetty (3), Dishant Mehta (1.1)"
Motilal Oswal Nasdaq 100 FOF - Regular Plan,Regular,EQ-INTL,2018-11-29,-1.85,64/64,-5.43,62/64,14.42,7/64,30.79,6/64,30.85,24/64,33.89,8/63,20.18,2/32,--,--,--,--,--,--,33.42,7/65,25.03,2/34,--,--,--,--,--,--,--,--,--,--,38.12,50.76,28.47,-26.2,52.45,54.63,Growth,"60,22,988",--,--,--,--,--,"6,635",--,--,Very High,21.39,1.3,2.12,--,--,--,--,47.712,47.845,51.492,33.716,500,0.58,1.00 (15),"Rakesh Shetty (3), Dishant Mehta (1.1), Swapnil P Mayekar (6.3)"
Motilal Oswal Nasdaq Q50 ETF,Regular,EQ-INTL,2021-12-23,6.46,1/64,-1.24,46/64,5.51,41/64,20.7,35/64,15.25,54/64,17.68,40/63,--,--,--,--,--,--,--,--,22.57,34/65,--,--,--,--,--,--,--,--,--,--,--,--,--,--,--,-21.11,12.79,24.94,Value,"2,55,552",100,--,--,--,--,123,--,--,Very High,16.65,0.78,1.4,--,--,--,--,85.626,85.543,87.729,58.891,500,0.45,--,"Rakesh Shetty (3), Swapnil P Mayekar (0.1), Dishant Mehta (0.1)"
Motilal Oswal Nasdaq Q50 ETF,Direct,EQ-INTL,2021-12-23,6.46,1/64,-1.24,46/64,5.51,41/64,20.7,35/64,15.25,54/64,17.68,40/63,--,--,--,--,--,--,--,--,22.57,34/65,--,--,--,--,--,--,--,--,--,--,--,--,--,--,--,-21.11,12.79,24.94,Value,"2,55,552",100,--,--,--,--,123,--,--,Very High,16.65,0.78,1.4,--,--,--,--,85.626,85.543,87.729,58.891,500,0.45,--,"Rakesh Shetty (3), Swapnil P Mayekar (0.1), Dishant Mehta (0.1)"
Motilal Oswal S&P 500 Index Fund - Direct Plan,Direct,EQ-INTL,2020-04-28,4.9,3/58,0.37,24/58,7.47,28/58,20.5,33/58,20.44,43/58,23.18,20/57,18.14,3/30,--,--,--,--,--,--,25.51,23/59,20.4,5/32,--,--,--,--,--,--,--,--,--,--,--,--,30.16,-9.81,25.47,26.92,Growth,"42,94,255",3,--,--,--,--,"4,092",--,--,Very High,12.04,1.33,1.83,--,--,--,--,28.037,28.009,28.037,19.782,500,0.61,1.00 (7),"Swapnil P Mayekar (0.1), Dishant Mehta (0.1), Rakesh Shetty (3)"
Motilal Oswal S&P 500 Index Fund - Regular Plan,Regular,EQ-INTL,2020-04-28,4.89,5/64,0.33,26/64,7.33,30/64,20.16,37/64,19.8,47/64,22.51,24/63,17.47,4/32,--,--,--,--,--,--,24.83,27/65,19.76,6/34,--,--,--,--,--,--,--,--,--,--,--,--,29.34,-10.31,24.74,26.26,Growth,"42,94,255",3,--,--,--,--,"4,092",--,--,Very High,12.04,1.29,1.77,--,--,--,--,27.14,27.114,27.14,19.217,500,1.13,1.00 (7),"Swapnil P Mayekar (0.1), Dishant Mehta (0.1), Rakesh Shetty (3)"
Navi US NASDAQ 100 FoF - Direct Plan,Direct,EQ-INTL,2022-03-23,3.2,26/58,1.16,19/58,9.24,17/58,26.39,14/58,27.78,29/58,33.09,8/57,--,--,--,--,--,--,--,--,32.01,10/59,--,--,--,--,--,--,--,--,--,--,--,--,--,--,--,--,55.37,28.58,--,--,--,--,--,--,--,"1,151",--,--,Very High,16.75,1.51,2.13,--,--,--,--,20.09,19.901,20.559,13.175,100,0.16,--,Ashutosh Shirwaikar (0.8)
Navi US NASDAQ 100 FoF - Regular Plan,Regular,EQ-INTL,2022-03-23,3.2,28/64,1.15,21/64,9.2,20/64,26.3,16/64,27.6,32/64,32.84,9/63,--,--,--,--,--,--,--,--,31.8,9/65,--,--,--,--,--,--,--,--,--,--,--,--,--,--,--,--,54.98,28.37,--,--,--,--,--,--,--,"1,151",--,--,Very High,16.73,1.5,2.11,--,--,--,--,19.956,19.768,20.423,13.098,100,0.3,--,Ashutosh Shirwaikar (0.8)
Navi US Total Stock Market FoF - Direct Plan,Direct,EQ-INTL,2022-02-24,3.58,13/58,1.83,14/58,7.18,30/58,23.22,26/58,19.04,44/58,22.96,24/57,--,--,--,--,--,--,--,--,25.51,22/59,--,--,--,--,--,--,--,--,--,--,--,--,--,--,--,--,26.11,26.45,--,--,--,--,--,--,--,975,--,--,Very High,13.51,1.2,1.67,--,--,--,--,18.911,18.772,18.911,13.293,100,0.06,--,Ashutosh Shirwaikar (0.8)
Navi US Total Stock Market FoF - Regular Plan,Regular,EQ-INTL,2022-02-24,3.58,15/64,1.83,15/64,7.18,32/64,23.22,29/64,19.04,49/64,22.94,23/63,--,--,--,--,--,--,--,--,25.5,26/65,--,--,--,--,--,--,--,--,--,--,--,--,--,--,--,--,26.06,26.45,--,--,--,--,--,--,--,975,--,--,Very High,13.51,1.2,1.67,--,--,--,--,18.892,18.754,18.892,13.28,100,0.06,--,Ashutosh Shirwaikar (0.8)
Nippon India ETF Hang Seng BeES,Regular,EQ-INTL,2010-03-09,1.21,53/64,-0.7,40/64,4.34,48/64,18.4,42/64,43.14,6/64,20.7,34/63,5.63,27/32,7.11,23/27,7.95,6/12,--,--,26.84,23/65,15.2,14/34,8.31,25/29,7.94,11/14,--,--,-0.16,5.4,29.71,-3.53,14.6,1.64,-11.57,-3.49,-10.92,25.45,Value,"5,01,836",12,--,--,--,--,"1,018",--,--,Very High,25.42,0.83,1.83,--,--,--,--,435.018,434.289,451.799,300.401,"10,000",0.93,--,"Kinjal Desai (7.5), Vikash Agarwal (0.6), Divya Dutt Sharma (0.2), Lokesh Maru (0.2)"
Nippon India ETF Hang Seng BeES,Direct,EQ-INTL,2010-03-09,1.21,53/64,-0.7,40/64,4.34,48/64,18.4,42/64,43.14,6/64,20.7,34/63,5.63,27/32,7.11,23/27,7.95,6/12,--,--,26.84,23/65,15.2,14/34,8.31,25/29,7.94,11/14,--,--,-0.16,5.4,29.71,-3.53,14.6,1.64,-11.57,-3.49,-10.92,25.45,Value,"5,01,836",12,--,--,--,--,"1,018",--,--,Very High,25.42,0.83,1.83,--,--,--,--,435.018,434.289,451.799,300.401,"10,000",0.93,--,"Kinjal Desai (7.5), Vikash Agarwal (0.6), Divya Dutt Sharma (0.2), Lokesh Maru (0.2)"
Nippon India Japan Equity Fund,Regular,EQ-INTL,2014-08-26,3.27,26/64,-0.61,35/64,3.54,50/64,10.22,59/64,20.23,45/64,15.08,48/63,6.58,25/32,7.07,24/27,--,--,--,--,16.09,55/65,11.27,27/34,9.1,23/29,--,--,--,--,11.27,-3.53,15.07,-3.75,22.97,13.19,5.69,-15.33,18.74,9.26,Value,"3,68,198",32,--,--,--,--,292,--,--,Very High,12.11,0.99,1.62,--,--,--,--,22.299,22.257,22.588,16.792,"5,000",2.45,1.00 (365),"Kinjal Desai (7.5), Divya Dutt Sharma (0.2), Lokesh Maru (0.2)"
Nippon India Japan Equity Fund - Direct Plan,Direct,EQ-INTL,2014-08-26,3.3,23/58,-0.51,32/58,3.86,45/58,10.9,53/58,21.67,39/58,16.51,40/57,7.93,23/30,8.21,22/25,--,--,--,--,17.48,48/59,12.59,25/32,10.34,21/27,--,--,--,--,12.07,-2.87,15.91,-2.89,24.08,14.45,7.04,-14.18,20.32,10.56,Value,"3,68,198",32,--,--,--,--,292,--,--,Very High,12.12,1.09,1.78,--,--,--,--,25.001,24.954,25.284,18.682,"5,000",1.27,1.00 (365),"Kinjal Desai (7.5), Divya Dutt Sharma (0.2), Lokesh Maru (0.2)"
Nippon India Taiwan Equity Fund - Direct Plan,Direct,EQ-INTL,2021-12-11,4.43,6/58,3.65,5/58,17.31,4/58,54.05,2/58,56.55,2/58,38.19,3/57,--,--,--,--,--,--,--,--,41.84,3/59,--,--,--,--,--,--,--,--,--,--,--,--,--,--,--,-33.29,46.55,25.72,Blend,"90,605",21,--,--,--,--,422,--,--,Very High,--,--,--,--,--,--,--,18.396,17.988,18.396,8.003,500,1.04,1.00 (90),"Kinjal Desai (4), Divya Dutt Sharma (0.2), Lokesh Maru (0.2)"
Nippon India Taiwan Equity Fund - Regular Plan,Regular,EQ-INTL,2021-12-11,4.4,8/64,3.53,6/64,16.9,4/64,52.98,2/64,54.39,3/64,36.27,6/63,--,--,--,--,--,--,--,--,39.97,4/65,--,--,--,--,--,--,--,--,--,--,--,--,--,--,--,-34.39,44.53,24,Blend,"90,605",21,--,--,--,--,422,--,--,Very High,--,--,--,--,--,--,--,17.358,16.974,17.358,7.618,500,2.43,1.00 (90),"Kinjal Desai (4), Divya Dutt Sharma (0.2), Lokesh Maru (0.2)"
Nippon India US Equity Opportunities Fund,Regular,EQ-INTL,2015-07-23,4,9/64,-0.39,33/64,2.72,53/64,11.26,55/64,8.47,60/64,19.63,36/63,12.15,15/32,14.03,7/27,--,--,--,--,17.25,51/65,13.74,20/34,14.54,7/29,--,--,--,--,--,8.2,16.91,7.64,31.82,22.4,22.16,-19.01,32.38,21.06,Growth,"31,49,744",6,--,--,--,--,726,--,--,Very High,13.71,0.95,1.51,--,--,--,--,36.998,36.908,37.73,29.897,100,2.37,1.00 (30),"Kinjal Desai (7.5), Divya Dutt Sharma (0.2), Lokesh Maru (0.2)"
Nippon India US Equity Opportunities Fund - Direct Plan,Direct,EQ-INTL,2015-07-23,4.02,7/58,-0.29,31/58,3.01,48/58,11.9,48/58,9.69,54/58,21,31/57,13.48,14/30,15.29,5/25,--,--,--,--,18.6,44/59,15.02,15/32,15.85,6/27,--,--,--,--,--,9.2,17.98,8.79,32.97,24.05,23.81,-18.07,33.9,22.41,Growth,"31,49,744",6,--,--,--,--,726,--,--,Very High,13.72,1.03,1.64,--,--,--,--,41.45,41.348,42.232,33.27,100,1.25,1.00 (30),"Kinjal Desai (7.5), Divya Dutt Sharma (0.2), Lokesh Maru (0.2)"
PGIM India Emerging Markets Equity FoF - Direct Plan,Direct,EQ-INTL,2013-01-01,1.24,48/58,-0.58,34/58,1.75,52/58,11.41,51/58,18.4,45/58,17.86,36/57,2.96,29/30,4.52,25/25,--,--,--,--,20.16,40/59,9.97,32/32,6.42,26/27,--,--,--,--,6.42,-5.88,16.19,-8.86,22.9,21.42,-0.68,-34.89,15.93,21.66,--,--,4,--,--,--,--,875,--,--,Very High,13.55,0.98,1.79,--,--,--,--,20.4,20.13,21.29,14.87,"5,000",0.66,0.50 (90),"Vivek Sharma (0.8), Anandha Padmanabhan Anjeneyan (0.8)"
PGIM India Emerging Markets Equity FoF - Regular Plan,Regular,EQ-INTL,2007-09-11,1.25,52/64,-0.67,37/64,1.48,57/64,10.88,57/64,17.21,51/64,16.68,43/63,1.85,31/32,3.36,27/27,5.22,10/12,--,--,18.96,48/65,8.93,34/34,5.32,28/29,4.75,14/14,--,--,5.69,-6.65,14.59,-10.24,21.37,20.53,-1.92,-35.6,14.64,20.45,--,--,4,--,--,--,--,875,--,--,Very High,13.53,0.91,1.64,--,--,--,--,17.84,17.6,18.63,13.09,"5,000",1.64,0.50 (90),"Vivek Sharma (0.8), Anandha Padmanabhan Anjeneyan (0.8)"
PGIM India Global Equity Opportunities FoF - Direct Plan,Direct,EQ-INTL,2013-01-01,2.68,31/58,-1.24,45/58,4.31,44/58,13.19,47/58,8.87,55/58,23.11,22/57,8.88,21/30,13.79,7/25,--,--,--,--,18.73,43/59,13.52,21/32,15.52,7/27,--,--,--,--,-14.06,1.49,13.54,1.77,31.88,74.36,8.22,-33.1,40.84,24.96,--,--,5,--,--,--,--,"1,662",--,--,Very High,16.58,1.06,1.41,--,--,--,--,53.29,52.7,55.67,38.88,"5,000",0.63,0.50 (90),"Anandha Padmanabhan Anjeneyan (0.8), Vivek Sharma (0.8)"
PGIM India Global Equity Opportunities FoF - Regular Plan,Regular,EQ-INTL,2010-05-14,2.67,35/64,-1.32,50/64,4.06,49/64,12.65,53/64,7.84,62/64,21.95,26/63,7.79,22/32,12.6,8/27,9.88,3/12,--,--,17.59,50/65,12.47,24/34,14.32,8/29,11.45,3/14,--,--,-14.71,0.8,11.93,0.26,30.88,72.39,7.04,-33.79,39.5,23.76,--,--,5,--,--,--,--,"1,662",--,--,Very High,16.57,1,1.33,--,--,--,--,46.93,46.41,49.06,34.45,"5,000",1.58,0.50 (90),"Anandha Padmanabhan Anjeneyan (0.8), Vivek Sharma (0.8)"
PGIM India Global Select Real Estate Securities FoF - Direct Plan,Direct,EQ-INTL,2021-12-03,3.65,12/58,0.08,26/58,3.65,46/58,11.3,52/58,6.43,58/58,11,53/57,--,--,--,--,--,--,--,--,12.59,56/59,--,--,--,--,--,--,--,--,--,--,--,--,--,--,--,-17.94,12.43,8.63,--,--,1,--,--,--,--,54,--,--,Very High,14.34,0.44,0.83,--,--,--,--,11.92,11.8,11.93,9.6,"5,000",0.56,0.50 (90),"Anandha Padmanabhan Anjeneyan (0.8), Vivek Sharma (0.8)"
PGIM India Global Select Real Estate Securities FoF - Regular Plan,Regular,EQ-INTL,2021-12-03,3.69,12/64,--,28/64,3.5,51/64,10.87,58/64,5.49,64/64,10.12,59/63,--,--,--,--,--,--,--,--,11.66,62/65,--,--,--,--,--,--,--,--,--,--,--,--,--,--,--,-18.62,11.5,7.75,--,--,1,--,--,--,--,54,--,--,Very High,14.3,0.38,0.71,--,--,--,--,11.53,11.41,11.55,9.33,"5,000",1.39,0.50 (90),"Anandha Padmanabhan Anjeneyan (0.8), Vivek Sharma (0.8)"
SBI US Specific Equity Active FoF - Direct Plan,Direct,EQ-INTL,2021-03-22,3.42,21/58,2.99,7/58,9.01,19/58,25.35,18/58,23.01,36/58,24.73,18/57,--,--,--,--,--,--,--,--,27.63,20/59,--,--,--,--,--,--,--,--,--,--,--,--,--,--,--,-11.09,27.43,23.83,--,--,8,--,--,--,--,"1,091",--,--,Very High,14.76,1.24,1.93,--,--,--,--,21.537,21.341,21.585,14.137,"5,000",1,1.00 (365),Rohit Shimpi (0.8)
SBI US Specific Equity Active FoF - Regular Plan,Regular,EQ-INTL,2021-03-22,3.41,23/64,2.93,7/64,8.83,22/64,24.93,20/64,22.2,41/64,23.87,21/63,--,--,--,--,--,--,--,--,26.77,24/65,--,--,--,--,--,--,--,--,--,--,--,--,--,--,--,-11.74,26.53,22.97,--,--,8,--,--,--,--,"1,091",--,--,Very High,14.75,1.2,1.85,--,--,--,--,20.804,20.615,20.861,13.713,"5,000",1.64,1.00 (365),Rohit Shimpi (0.8)
Sundaram Global Brand Theme - Equity Active FoF - Direct Plan,Direct,EQ-INTL,2013-01-03,3.22,24/58,1.41,16/58,8.05,26/58,19.64,34/58,24.71,34/58,21.47,29/57,14.62,10/30,12.91,8/25,--,--,--,--,21.22,38/59,16.71,11/32,14.03,10/27,--,--,--,--,-11.9,12.22,25.25,-10.74,23.67,20.28,21.81,-14.37,31.41,14.13,--,--,--,--,--,--,--,145,--,--,Very High,12.56,1.26,1.81,--,--,--,--,42.828,42.508,43.126,31.432,100,1.49,1.00 (365),Pathanjali Srinivasan (1.7)
Sundaram Global Brand Theme - Equity Active FoF - Regular Plan,Regular,EQ-INTL,2004-03-29,3.2,27/64,1.32,18/64,7.81,29/64,19.09,38/64,23.61,40/64,20.33,35/63,13.51,13/32,12.07,9/27,9.05,4/12,8.66,1/1,20.11,44/65,15.61,12/34,13.07,11/29,10.35,5/14,--,--,-12.33,11.66,24.39,-11.28,23.18,19.71,20.8,-15.42,30.14,13.03,--,--,--,--,--,--,--,145,--,--,Very High,12.55,1.18,1.7,--,--,--,--,38.986,38.696,39.285,28.773,100,2.38,1.00 (365),Pathanjali Srinivasan (1.7)
